Symbol,ID,Sequence
+,S10,tactagcaatacgcttgcgttcggtggttaagtatgtataatgcgcgggcttgtcgt
+,AMPC,tgctatcctgacagttgtcacgctgattggtgtcgttacaatctaacgcatcgccaa
+,AROH,gtactagagaactagtgcattagcttatttttttgttatcatgctaaccacccggcg
+,DEOP2,aattgtgatgtgtatcgaagtgtgttgcggagtagatgttagaatactaacaaactc
+,LEU1_TRNA,tcgataattaactattgacgaaaagctgaaaaccactagaatgcgcctccgtggtag
+,MALEFG,aggggcaaggaggatggaaagaggttgccgtataaagaaactagagtccgtttaggt
+,MALK,cagggggtggaggatttaagccatctcctgatgacgcatagtcagcccatcatgaat
+,RECA,tttctacaaaacacttgatactgtatgagcatacagtataattgcttcaacagaaca
+,RPOB,cgacttaatatactgcgacaggacgtccgttctgtgtaaatcgcaatgaaatggttt
+,RRNAB_P1,ttttaaatttcctcttgtcaggccggaataactccctataatgcgccaccactgaca
+,RRNAB_P2,gcaaaaataaatgcttgactctgtagcgggaaggcgtattatgcacaccccgcgccg
+,RRNDEX_P2,cctgaaattcagggttgactctgaaagaggaaagcgtaatatacgccacctcgcgac
+,RRND_P1,gatcaaaaaaatacttgtgcaaaaaattgggatccctataatgcgcctccgttgaga
+,RRNE_P1,ctgcaatttttctattgcggcctgcggagaactccctataatgcgcctccatcgaca
+,RRNG_P1,tttatatttttcgcttgtcaggccggaataactccctataatgcgccaccactgaca
+,RRNG_P2,aagcaaagaaatgcttgactctgtagcgggaaggcgtattatgcacaccgccgcgcc
+,RRNX_P1,atgcatttttccgcttgtcttcctgagccgactccctataatgcgcctccatcgaca
+,TNAA,aaacaatttcagaatagacaaaaactctgagtgtaataatgtagcctcgtgtcttgc
+,TYRT,tctcaacgtaacactttacagcggcgcgtcatttgatatgatgcgccccgcttcccg
+,ARAC,gcaaataatcaatgtggacttttctgccgtgattatagacacttttgttacgcgttt
+,LACI,gacaccatcgaatggcgcaaaacctttcgcggtatggcatgatagcgcccggaagag
+,MALT,aaaaacgtcatcgcttgcattagaaaggtttctggccgaccttataaccattaatta
+,TRP,tctgaaatgagctgttgacaattaatcatcgaactagttaactagtacgcaagttca
+,TRPP2,accggaagaaaaccgtgacattttaacacgtttgttacaaggtaaaggcgacgccgc
+,THR,aaattaaaattttattgacttaggtcactaaatactttaaccaatataggcatagcg
+,BIOB,ttgtcataatcgacttgtaaaccaaattgaaaagatttaggtttacaagtctacacc
+,FOL,catcctcgcaccagtcgacgacggtttacgctttacgtatagtggcgacaatttttt
+,UVRBP1,tccagtataatttgttggcataattaagtacgacgagtaaaattacatacctgcccg
+,UVRBP3,acagttatccactattcctgtggataaccatgtgtattagagttagaaaacacgagg
+,LEXA,tgtgcagtttatggttccaaaatcgccttttgctgtatatactcacagcataactgt
+,PORI-L,ctgttgttcagtttttgagttgtgtataacccctcattctgatcccagcttatacgg
+,SPOT42,attacaaaaagtgctttctgaactgaacaaaaaagagtaaagttagtcgcgtagggt
+,M1RNA,atgcgcaacgcggggtgacaagggcgcgcaaaccctctatactgcgcgccgaagctg
+,GLNS,taaaaaactaacagttgtcagcctgtcccgcttataagatcatacgccgttatacgt
+,TUFB,atgcaattttttagttgcatgaactcgcatgtctccatagaatgcgcgctacttgat
+,SUBB-E,ccttgaaaaagaggttgacgctgcaaggctctatacgcataatgcgccccgcaacgc
+,STR,tcgttgtatatttcttgacaccttttcggcatcgccctaaaattcggcgtcctcata
+,SPC,ccgtttattttttctacccatatccttgaagcggtgttataatgccgcgccctcgat
+,RPOA,ttcgcatatttttcttgcaaagttgggttgagctggctagattagccagccaatctt
+,RPLJ,tgtaaactaatgcctttacgtgggcggtgattttgtctacaatcttacccccacgta
